chr	rsid	pos	a1	a2	beta	se	lp	p
4	rs2189574	97943856	G	A	-0.069574	0.0085896	15.244	5.701637013539858e-16
4	rs17247425	97943833	A	C	-0.068947	0.0086289	14.856	1.393156974263632e-15
4	rs35976463	97926008	C	CATG	-0.068589	0.0086247	14.724	1.887991448597198e-15
4	rs2214554	97939225	T	A	-0.06871	0.0086419	14.718	1.914254109090196e-15
4	rs2214555	97939227	A	G	-0.068576	0.0086438	14.658	2.197859911395355e-15
4	rs35318942	97940557	C	CT	-0.068377	0.0086439	14.577	2.6485021857988466e-15
4	rs17247509	97945325	A	G	-0.068095	0.0086313	14.503	3.140506818084777e-15
4	rs549000746	97936524	CAT	C	-0.067993	0.0086394	14.437	3.655945604023198e-15
4	rs2189575	97943954	G	T	-0.067618	0.0086325	14.309	4.909078589047219e-15
4	rs17187902	97945440	T	A	-0.067623	0.0086335	14.307	4.931736220162821e-15
4	rs981544	97931374	C	A	-0.067679	0.0086421	14.303	4.97736569088414e-15
4	rs7659379	97922549	C	T	-0.067874	0.0086693	14.296	5.058252129347208e-15
4	rs4141304	97935662	G	A	-0.067588	0.008635	14.289	5.140441753444152e-15
4	4:97943058_GA_G	97943058	GA	G	-0.067673	0.0086492	14.278	5.272300096151799e-15
4	rs6840385	97936878	G	T	-0.067471	0.0086398	14.227	5.929250016805255e-15
4	rs17247656	97947798	G	T	-0.067392	0.0086365	14.206	6.222998150866918e-15
2	rs2713546	227177546	C	A	0.062265	0.0079913	14.166	6.823381187721958e-15
2	rs2713554	227174310	C	T	0.062262	0.0079914	14.165	6.839117073539404e-15
4	rs6840021	97936898	A	C	-0.067299	0.0086383	14.163	6.870682710348396e-15
4	rs5024083	97921559	G	A	-0.067515	0.0086719	14.145	7.16142655369638e-15
2	rs2713547	227177236	C	A	0.062076	0.0079897	14.091	8.109617986680512e-15
2	rs2713537	227163142	T	A	0.062066	0.0079922	14.078	8.356028861174318e-15
2	rs2673148	227174983	A	C	0.061857	0.0079909	13.993	1.016248621459593e-14
2	rs35025214	227175677	C	G	0.06184	0.00799	13.989	1.0256511694971159e-14
2	rs2673147	227177202	G	C	0.061826	0.0079897	13.984	1.0375279236998164e-14
2	rs2713555	227173011	A	G	0.06167	0.0079916	13.911	1.2274385195852179e-14
2	rs2673139	227161138	A	G	0.061651	0.007992	13.901	1.2560298974995976e-14
2	rs567779929	227149196	C	CA	0.06277	0.0081377	13.899	1.2618270469180662e-14
2	rs2673133	227144959	T	C	0.061535	0.0079937	13.847	1.4223283873385667e-14
2	rs2713545	227149804	T	G	0.060884	0.0079908	13.581	2.624216561063112e-14
2	rs2673127	227134379	C	T	0.060787	0.0079865	13.554	2.7925444789854246e-14
4	rs7673377	97917772	A	C	-0.065762	0.0086505	13.523	2.999164152293715e-14
2	rs2673146	227179471	G	C	0.060656	0.0079889	13.491	3.2284928172443926e-14
2	rs1849878	227142666	A	G	0.060499	0.0079895	13.424	3.7670398427899426e-14
2	rs2972142	227129555	T	C	0.060492	0.0079894	13.421	3.793153981141036e-14
2	rs2972141	227129473	T	A	0.060487	0.0079895	13.419	3.810661112491737e-14
2	rs2673130	227140029	C	T	0.060445	0.0079898	13.4	3.9810752023765514e-14
2	rs2673129	227139572	A	G	0.060438	0.0079899	13.397	4.0086642889893036e-14
2	rs2713538	227134516	A	G	0.060321	0.007989	13.351	4.456564206353261e-14
2	rs5839152	227133417	T	TG	0.060344	0.0079923	13.35	4.466831997992294e-14
2	rs1033202	227136341	C	G	0.060316	0.0079891	13.349	4.477133277717454e-14
2	rs1515101	227136814	T	C	0.060313	0.007989	13.348	4.4874583139581986e-14
4	rs6855625	97567998	A	C	0.061098	0.0081138	13.284	5.199955215167838e-14
4	rs4699532	97569021	T	C	0.061077	0.0081127	13.278	5.2723000961517993e-14
4	rs11736743	97567606	T	C	0.060869	0.0081237	13.16	6.918312139914402e-14
4	rs6834324	97571830	C	T	0.060654	0.0081077	13.121	7.568323897908773e-14
4	rs4280736	97574703	C	A	0.060544	0.0081048	13.085	8.22242577724034e-14
4	rs6833987	97571789	A	T	0.060545	0.0081074	13.078	8.356028861174319e-14
4	rs11721797	97572621	G	A	0.060537	0.0081067	13.077	8.375299295058816e-14
4	rs11727437	97574293	T	A	0.060523	0.0081052	13.075	8.413955111719316e-14
4	rs11735922	97570607	C	T	0.060528	0.0081087	13.067	8.570370773815093e-14
4	rs4403121	97567818	T	G	0.060551	0.0081119	13.066	8.590135516865444e-14
4	rs6834084	97571587	G	T	0.060509	0.0081077	13.062	8.669613274709932e-14
4	rs11732038	97580006	A	G	0.06019	0.0081112	12.923	1.1939871815565697e-13
4	rs28544332	97575919	C	T	0.060158	0.0081124	12.906	1.2416519149671855e-13
4	rs28695189	97575630	G	A	0.060084	0.0081125	12.876	1.3304531792344737e-13
4	rs113130511	97574732	A	AC	0.060223	0.0081341	12.867	1.3583146158227524e-13
4	rs56303534	97569331	G	GA	0.060292	0.0081507	12.846	1.4256085202349003e-13
4	rs4296683	97570279	C	T	0.060027	0.0081176	12.838	1.4521106227088412e-13
4	rs13121156	97918159	T	C	-0.06369	0.0086318	12.785	1.6405903496152831e-13
4	rs10004936	97564338	A	C	0.059908	0.0081223	12.776	1.6749427877536164e-13
4	rs4699294	97578893	A	C	0.059363	0.0080505	12.77	1.698241862446276e-13
4	rs7695822	97580275	G	A	0.059312	0.0080482	12.756	1.7538822580695127e-13
4	rs9996935	97579499	G	A	0.059314	0.0080486	12.756	1.7538822580695127e-13
2	2:227104330_CTTT_C	227104330	CTTT	C	0.062934	0.0085721	12.666	2.157742589674633e-13
4	rs10011978	97559671	C	A	0.059649	0.0082178	12.397	4.008664288989304e-13
4	rs4699528	97551090	G	T	0.059548	0.0082068	12.389	4.083194437173478e-13
4	rs4699531	97568934	G	A	0.059327	0.0081926	12.343	4.5394118602512683e-13
4	rs6856278	97568242	C	A	0.059321	0.0081926	12.341	4.560373325417409e-13
4	rs263071	96906564	A	T	-0.071546	0.0098896	12.321	4.775291646018163e-13
4	rs35036084	97552791	T	C	0.059366	0.0082194	12.283	5.211947202610801e-13
4	rs28542463	97553808	G	A	0.05916	0.0082183	12.206	6.222998150866918e-13
4	rs28831236	97553706	C	T	0.059124	0.0082198	12.188	6.486348437602759e-13
4	rs9307181	97546249	C	T	0.058983	0.0082212	12.13	7.413100459583173e-13
4	rs13150867	97550691	T	C	0.05879	0.0082163	12.069	8.530996344436018e-13
4	rs6830106	97549767	T	C	0.058147	0.0081268	12.068	8.55067028330765e-13
4	rs7685841	97560757	C	A	0.057954	0.0081228	12.004	9.908326063313192e-13
4	rs10021649	97562717	G	A	0.057891	0.0081226	11.98	1.0471296517666538e-12
4	rs10019842	97550138	A	C	0.057608	0.0081275	11.857	1.389951507996998e-12
4	rs3890703	97545851	G	A	0.057543	0.0081304	11.824	1.4996835972663316e-12
4	rs6839075	97547503	G	A	0.057344	0.0081306	11.747	1.7906069235451947e-12
4	rs139680534	97546778	A	AATG	0.0581	0.0082568	11.697	2.009094894979211e-12
2	rs2713557	227171603	T	C	0.058387	0.0082987	11.694	2.0230180414291274e-12
2	2:227173609_TA_T	227173609	TA	T	0.059694	0.0084979	11.659	2.192802932221498e-12
2	rs1515116	227176093	G	A	0.058215	0.0082974	11.633	2.328089253646835e-12
2	rs2713549	227157209	A	G	0.058171	0.0082986	11.613	2.4378112894528995e-12
2	rs2713558	227164994	G	A	0.058171	0.0082996	11.611	2.44906289765675e-12
4	rs4699529	97554263	A	C	0.056744	0.0081028	11.593	2.5526988810784862e-12
2	rs2713560	227164437	C	T	0.058096	0.0082993	11.584	2.60615574759149e-12
2	rs2713559	227164504	C	G	0.057934	0.0083001	11.521	3.013006659351846e-12
2	rs2713556	227172598	C	T	0.057724	0.0082722	11.516	3.047896435299517e-12
2	rs2713542	227142038	C	T	0.057715	0.0082984	11.444	3.597491329210686e-12
2	rs2713552	227181683	G	T	0.057488	0.0082762	11.417	3.828249047218641e-12
2	2:227180734_CT_C	227180734	CT	C	0.05894	0.0084903	11.404	3.94457045681581e-12
2	rs2673136	227164653	G	A	0.057517	0.0082985	11.371	4.2559812902198076e-12
2	rs750177648	227157772	TG	T	0.05739	0.0082807	11.369	4.275624580169137e-12
2	rs2713553	227174461	G	A	0.05749	0.0082976	11.363	4.335109621594528e-12
2	rs908252	227180619	G	T	0.057493	0.0082983	11.362	4.345097585475636e-12
4	rs10010351	97554148	G	A	0.056129	0.0081046	11.354	4.425882790614839e-12
2	rs2673144	227180055	A	G	0.057461	0.0082982	11.351	4.4565642063532614e-12
2	rs925735	227179630	C	G	0.057402	0.0082967	11.333	4.645150793757543e-12
2	rs2713536	227163642	C	T	0.057245	0.008276	11.328	4.6989403431215695e-12
2	rs2713551	227179889	C	T	0.057396	0.0082984	11.326	4.720628090628037e-12
2	rs1606791	227162979	G	A	0.057375	0.0082984	11.318	4.808395258380962e-12
2	rs2713544	227144372	T	A	0.057375	0.0082985	11.318	4.808395258380962e-12
2	rs2396312	227144673	G	A	0.057373	0.0082985	11.317	4.819473658319817e-12
2	rs2673135	227151596	G	A	0.057351	0.0082986	11.309	4.9090785890472194e-12
2	rs2673142	227156645	G	C	0.057184	0.0082754	11.307	4.931736220162821e-12
2	rs2713548	227156662	C	T	0.057184	0.0082754	11.307	4.931736220162821e-12
4	rs6841600	97975448	T	A	-0.070979	0.010291	11.267	5.40754075955785e-12
2	rs1515108	227123086	C	T	0.057147	0.0082867	11.264	5.445027293660894e-12
2	rs778380010	227105752	AAGG	A	0.057527	0.0083435	11.26	5.495405842387225e-12
2	2:227111435_TTA_T	227111435	TTA	T	0.057462	0.0083418	11.241	5.741162302364258e-12
4	rs10006444	97582679	C	T	0.055966	0.0081313	11.223	5.984121837602753e-12
4	rs4308433	97584252	G	A	0.055933	0.0081293	11.216	6.081355568110044e-12
2	rs1515110	227122216	G	T	0.057023	0.0082923	11.204	6.251720118539221e-12
4	rs28728103	97586055	T	A	0.055899	0.0081296	11.203	6.266137656009497e-12
2	rs2943652	227108446	C	T	0.057322	0.0083366	11.203	6.266137656009497e-12
4	rs4479786	97581818	A	G	0.055897	0.0081329	11.193	6.4120981313635164e-12
2	2:227164027_GA_G	227164027	GA	G	0.056909	0.0082846	11.182	6.576575947363262e-12
2	rs6706153	227163876	T	A	0.056895	0.0082832	11.18	6.606929837429628e-12
4	rs4502759	97586839	A	G	0.055838	0.0081299	11.179	6.6221665493566626e-12
2	rs2943656	227121918	A	G	0.056961	0.0082951	11.175	6.683436240432233e-12
2	rs71353892	227163880	T	A	0.056852	0.0082822	11.167	6.807696457170033e-12
2	rs2673137	227163884	T	A	0.056852	0.0082822	11.167	6.807696457170033e-12
2	rs2943640	227093585	A	C	0.057386	0.0083674	11.149	7.0957749372493015e-12
2	rs2458993	227156730	C	T	0.056897	0.0082995	11.141	7.227701464249165e-12
4	rs13116809	97959457	T	C	-0.06809	0.0099409	11.122	7.550926786740192e-12
2	rs139453200	227133506	T	TTGTG	0.056862	0.0083062	11.111	7.744616889607178e-12
2	rs2972147	227099854	T	C	0.057056	0.0083381	11.102	7.906781974064557e-12
2	rs2673140	227159867	G	A	0.056863	0.00831	11.102	7.906781974064557e-12
4	rs28702967	97645343	G	A	0.055852	0.0081677	11.088	8.165818118970727e-12
4	rs13122217	97981980	C	T	-0.067912	0.0099313	11.088	8.165818118970727e-12
8	rs4383974	9619348	C	G	0.059401	0.008688	11.084	8.24138809952799e-12
4	rs10009024	97644876	T	C	0.055834	0.0081672	11.082	8.279425855097075e-12
4	rs10011403	97630025	C	T	0.055805	0.0081638	11.08	8.317639172213713e-12
2	rs6436620	227178726	T	C	0.056781	0.0083095	11.073	8.452789342560496e-12
4	rs11736467	97646910	C	T	0.055809	0.0081715	11.062	8.66961327470993e-12
2	rs2673134	227145757	A	G	0.056539	0.0082845	11.047	8.974289363896106e-12
4	rs10017418	97587688	T	G	0.054994	0.0080582	11.047	8.974289363896106e-12
2	rs2943646	227099534	A	G	0.056892	0.0083384	11.042	9.07820912929857e-12
4	rs1125505	97622707	A	T	0.055646	0.0081595	11.032	9.289672680311503e-12
4	rs9990757	97642777	G	A	0.055691	0.008167	11.03	9.33254874614691e-12
2	rs2943658	227123584	A	G	0.056664	0.0083098	11.03	9.33254874614691e-12
2	rs1399626	227125416	T	A	0.056657	0.0083097	11.027	9.397223860930342e-12
4	rs9996450	97650186	C	T	0.05606	0.008223	11.025	9.440617055177407e-12
8	rs7827369	9614486	T	G	0.059267	0.0086998	11.01	9.772367059324806e-12
2	rs2943657	227123439	C	T	0.056433	0.008285	11.007	9.84011174906928e-12
2	rs2972140	227104111	T	C	0.056975	0.0083666	11.002	9.954057495972782e-12
4	rs10024940	97621871	A	G	0.055523	0.008157	10.993	1.016248621459593e-11
2	rs2972157	227154246	T	C	0.056561	0.0083103	10.991	1.0209390711986017e-11
4	rs36007055	97986157	G	A	-0.067559	0.0099343	10.974	1.0616956131521952e-11
4	rs11937059	97984408	C	G	-0.067557	0.0099349	10.973	1.0641440650973257e-11
2	rs2943650	227105921	C	T	0.056714	0.0083412	10.971	1.0690555740991628e-11
2	rs2972156	227117778	C	G	0.056718	0.0083467	10.958	1.1015388451150004e-11
2	rs11437451	227140768	G	GT	0.056492	0.008315	10.955	1.1091750101148196e-11
2	rs2673141	227159177	G	A	0.056286	0.0082854	10.953	1.1142943574151247e-11
2	rs1515104	227092405	T	A	0.056875	0.0083729	10.951	1.1194373328323113e-11
4	rs11942031	97985065	T	C	-0.067482	0.009935	10.95	1.1220189470737863e-11
2	rs2943654	227112754	C	T	0.056625	0.0083368	10.949	1.1246040454208889e-11
2	rs1813831	227156059	A	G	0.056435	0.0083094	10.948	1.1271975749866155e-11
2	rs1567973	227136202	A	G	0.056425	0.0083085	10.946	1.1324001046233235e-11
2	rs2673131	227141248	A	G	0.056418	0.0083086	10.944	1.1376266463012401e-11
2	rs2713540	227140486	A	G	0.056417	0.0083086	10.943	1.1402502082152794e-11
2	rs2673128	227136020	C	T	0.056412	0.0083085	10.942	1.14287731084686e-11
2	rs2713541	227141768	A	T	0.056396	0.0083081	10.937	1.1561115110393352e-11
4	4:97972727_TTTTTTTTTTTTTTTTTC_T	97972727	TTTTTTTTTTTTTTTTTC	T	-0.073861	0.010883	10.934	1.1641259885093196e-11
4	rs10002123	97627196	G	A	0.055396	0.0081618	10.934	1.1641259885093196e-11
2	rs2943648	227100490	A	G	0.05658	0.0083387	10.928	1.180319412282511e-11
2	rs2943660	227128543	T	G	0.056209	0.008285	10.926	1.1857697272147432e-11
2	rs1515102	227140987	G	A	0.056353	0.0083085	10.92	1.2022642234116694e-11
4	rs10016694	97627739	T	C	0.054867	0.0080901	10.919	1.2050368506505004e-11
4	rs11936118	97954147	C	T	-0.06752	0.0099559	10.918	1.2078132197830706e-11
4	rs34381577	97968545	A	T	-0.067359	0.0099322	10.918	1.2078132197830706e-11
2	rs1024137	227095876	G	T	0.056563	0.0083406	10.917	1.2105986439580393e-11
4	rs11936054	97983931	G	A	-0.067384	0.0099365	10.917	1.2105986439580393e-11
4	rs35203848	97965627	T	C	-0.0674	0.0099399	10.915	1.2161861074720776e-11
2	rs1399625	227138947	G	A	0.056383	0.0083171	10.91	1.2302692030632101e-11
2	rs1399627	227083411	A	G	0.05687	0.0083892	10.909	1.2331037067867205e-11
4	rs9992810	97618464	G	A	0.055276	0.0081559	10.905	1.244515376969586e-11
2	rs2943659	227125254	G	A	0.056144	0.0082841	10.904	1.2473827034548815e-11
2	rs1913657	227107501	C	T	0.056498	0.0083407	10.894	1.276438651846e-11
4	rs28445269	97592753	C	T	0.05515	0.008142	10.893	1.2793823380223732e-11
4	rs4232866	97594012	A	G	0.05515	0.0081426	10.892	1.282329996950914e-11
2	rs2943647	227099975	T	C	0.056479	0.0083401	10.888	1.2941972283202297e-11
4	4:97998608_TA_T	97998608	TA	T	-0.067312	0.0099427	10.882	1.3121999912266016e-11
2	2:227100579_TC_T	227100579	TC	T	0.056683	0.0083737	10.88	1.3182563911826833e-11
2	rs2943649	227105691	C	G	0.056644	0.0083689	10.878	1.324340744179973e-11
2	rs2972135	227108200	G	T	0.056459	0.0083415	10.878	1.324340744179973e-11
4	rs4295339	97592957	C	T	0.055106	0.0081419	10.877	1.3273949007865694e-11
2	rs1515099	227128899	G	A	0.056243	0.0083122	10.872	1.3427657631571449e-11
4	rs13114796	97980780	G	A	-0.067238	0.0099371	10.872	1.3427657631571449e-11
4	rs13114593	97980811	C	T	-0.067238	0.0099371	10.872	1.3427657631571449e-11
2	rs2972143	227116365	A	G	0.056371	0.0083381	10.855	1.396369832884551e-11
2	rs2972146	227100698	G	T	0.056372	0.008338	10.855	1.396369832884551e-11
2	rs2972158	227154184	A	G	0.056178	0.00831	10.853	1.402814714953671e-11
4	rs34027236	98006582	A	AT	-0.067431	0.0099754	10.852	1.4060467584145909e-11
2	rs1399624	227133220	C	T	0.056162	0.008309	10.85	1.4125363038976318e-11
2	rs2713539	227137125	T	C	0.05616	0.008309	10.849	1.4157938545722337e-11
4	rs56277860	97979437	A	G	-0.067141	0.0099342	10.848	1.4190589177166874e-11
2	rs2972145	227101309	T	C	0.056364	0.0083409	10.845	1.4288930799465575e-11
2	rs2972155	227117698	C	G	0.05657	0.0083723	10.843	1.4354880715975972e-11
4	rs2865775	97963926	G	A	-0.067236	0.0099535	10.838	1.4521106227088411e-11
2	rs2972136	227107035	A	G	0.056346	0.0083418	10.837	1.455459438541432e-11
2	rs2972137	227106361	G	A	0.056347	0.0083419	10.837	1.455459438541432e-11
4	rs17520039	98010429	C	G	-0.06738	0.0099771	10.833	1.4689256583212893e-11
4	rs570903452	97979493	G	GT	-0.067034	0.0099295	10.826	1.4927936752956353e-11
2	rs2972138	227106217	A	G	0.056304	0.008342	10.821	1.5100798092991922e-11
4	rs2141950	97647904	C	T	0.054806	0.0081215	10.818	1.520548090683768e-11
4	rs111909068	97999631	A	T	-0.074566	0.011053	10.811	1.5452549010203952e-11
2	rs2176040	227092802	A	G	0.056279	0.0083456	10.803	1.5739812330771468e-11
2	rs1515100	227128917	C	A	0.05587	0.0082863	10.8	1.5848924964027187e-11
4	rs17520088	98012408	G	C	-0.067207	0.0099676	10.8	1.5848924964027187e-11
2	rs56256300	227098186	A	AT	0.056241	0.0083465	10.788	1.629295631926434e-11
2	rs2138157	227103717	A	C	0.05625	0.0083479	10.787	1.6330530667408615e-11
4	rs2141949	97650021	G	A	0.054925	0.0081517	10.786	1.6368155725297098e-11
4	rs71606958	97985400	G	T	-0.066984	0.0099522	10.765	1.7179070291002565e-11
4	rs17247873	97951199	C	A	-0.067076	0.00997	10.756	1.7538822580695127e-11
4	rs34180059	97994428	T	C	-0.066783	0.0099273	10.755	1.757923150728387e-11
4	rs13114745	97980712	G	A	-0.066962	0.009955	10.753	1.76603676585112e-11
4	rs6849246	97632122	C	A	0.05446	0.008096	10.753	1.76603676585112e-11
4	rs17518940	97974285	T	G	-0.066925	0.0099498	10.752	1.7701095491431995e-11
4	rs4075859	97991960	T	A	-0.066774	0.0099272	10.752	1.7701095491431995e-11
4	rs35638723	97609417	C	G	0.054826	0.0081534	10.746	1.7947324287431588e-11
4	rs17459492	97977019	G	A	-0.066882	0.0099505	10.738	1.8281005694060167e-11
4	rs4699534	97594494	T	A	0.054727	0.008145	10.731	1.8578046835483614e-11
2	rs2203452	227094758	A	G	0.056065	0.0083442	10.73	1.862089099377868e-11
4	rs11415134	97999475	C	A	-0.066911	0.0099615	10.724	1.887991448597198e-11
2	rs2138161	227095159	T	C	0.056046	0.0083447	10.723	1.8923454802776934e-11
4	rs28714297	97595462	T	C	0.054702	0.008148	10.714	1.9319694370215804e-11
4	rs2204920	97602893	A	G	0.05472	0.0081522	10.711	1.945358099486273e-11
4	rs35286317	97974027	T	A	-0.066786	0.0099499	10.71	1.949844428490234e-11
8	rs3088186	10226355	C	T	0.057589	0.0085813	10.706	1.9678848031755587e-11
4	rs28689525	97596900	A	G	0.054651	0.0081489	10.694	2.0230180414291275e-11
4	rs13139172	97596858	T	C	0.05465	0.008149	10.693	2.027683467561826e-11
4	rs13118832	97597593	G	A	0.054646	0.008149	10.691	2.0370421492765007e-11
4	rs34009118	98001710	T	C	-0.066764	0.0099566	10.69	2.041739917404129e-11
2	rs2972144	227101411	A	G	0.055937	0.0083438	10.686	2.060630528666113e-11
2	rs2943641	227093745	T	C	0.055943	0.0083457	10.683	2.0749153764409697e-11
4	rs2865765	97988134	T	A	-0.066546	0.0099305	10.677	2.1037782180198652e-11
4	rs758393707	97598741	CAG	C	0.054728	0.0081677	10.676	2.108629890953448e-11
2	rs2222018	227095220	C	A	0.055912	0.0083448	10.674	2.1183621772393404e-11
4	rs76198938	97993437	G	A	-0.066603	0.0099455	10.664	2.167706313505689e-11
4	rs2865766	98013561	A	G	-0.066716	0.0099633	10.662	2.1777112643589822e-11
4	rs71606960	98002270	T	C	-0.066662	0.009957	10.659	2.1928029322214984e-11
8	rs10087073	9616251	A	G	0.057921	0.0086533	10.655	2.213096070341843e-11
2	rs2943645	227099180	C	T	0.055839	0.0083439	10.65	2.238723104986867e-11
4	rs71606961	98004149	T	G	-0.066636	0.0099574	10.65	2.238723104986867e-11
2	rs16825766	227166256	T	C	0.070328	0.010509	10.65	2.238723104986867e-11
4	rs34701376	98005472	T	C	-0.066615	0.0099587	10.642	2.2803410304530852e-11
8	rs10101132	9616553	C	A	0.057909	0.0086574	10.641	2.285599887476142e-11
4	4:97601928_TG_T	97601928	TG	T	0.054642	0.0081693	10.64	2.290865841769215e-11
4	rs28439210	97569623	A	G	0.056726	0.0084836	10.634	2.3227377348558302e-11
4	rs750778050	97641848	CT	C	0.054754	0.0081891	10.633	2.328089253646835e-11
4	rs17519927	98008577	G	T	-0.066558	0.0099597	10.622	2.3878127091275517e-11
2	rs113832271	227091324	A	ATC	0.05602	0.0083843	10.619	2.4043603924287423e-11
4	rs71606962	98004274	A	G	-0.066513	0.0099574	10.614	2.4322022145265863e-11
4	rs35081540	98003580	C	T	-0.066516	0.0099585	10.613	2.4378112894528995e-11
8	8:9571840_CT_C	9571840	CT	C	-0.060345	0.0090348	10.612	2.4434279342977556e-11
8	rs7014007	9611001	A	G	0.058065	0.0086985	10.601	2.5061102215965692e-11
2	rs16825760	227165587	C	T	0.070151	0.010512	10.595	2.5409711432160638e-11
4	rs7680982	98007179	A	T	-0.066441	0.0099594	10.589	2.5763226505527885e-11
2	rs1399623	227127672	A	C	0.055477	0.0083168	10.586	2.594176718897457e-11
4	rs34998454	97980561	G	GT	-0.067068	0.010058	10.579	2.636328514402111e-11
8	rs6989782	9610538	C	T	0.057979	0.008695	10.579	2.636328514402111e-11
8	rs10095004	9621746	G	C	0.057666	0.0086626	10.546	2.844464205564014e-11
8	rs7009721	9610671	A	G	0.057733	0.0086891	10.509	3.097420550724742e-11
2	rs10201609	227166119	G	A	0.069625	0.010506	10.458	3.483371681714842e-11
8	rs7842564	9617966	T	G	0.057234	0.0086381	10.455	3.50751935570313e-11
4	rs78597651	98004010	A	G	-0.066059	0.0099709	10.453	3.523708153305528e-11
8	rs7842207	9617684	T	C	0.057233	0.0086401	10.45	3.548135450617081e-11
8	rs7845986	9618020	T	C	0.057191	0.0086395	10.437	3.655945604023199e-11
8	rs4841201	9571019	G	A	-0.057034	0.0086481	10.364	4.325135119143699e-11
8	rs7459728	9571445	T	C	-0.057001	0.0086458	10.358	4.385308980741833e-11
8	rs4841207	9591398	C	T	-0.056733	0.0086177	10.331	4.666590278021682e-11
8	rs7004915	9613554	G	A	0.057313	0.0087067	10.328	4.69894034312157e-11
2	rs2396315	227133529	A	T	0.05466	0.0083054	10.324	4.742415936956273e-11
8	rs6601349	9572260	G	A	-0.056737	0.0086474	10.266	5.420011474824161e-11
2	2:226968738_GT_G	226968738	GT	G	-0.074416	0.011347	10.257	5.533501480992742e-11
7	rs3076538	101762573	C	CCT	0.052776	0.0080879	10.162	6.886527681579445e-11
8	rs7006003	9613512	C	G	0.056771	0.0087053	10.151	7.06317517038622e-11
7	rs201480	101747575	A	G	0.052669	0.0080823	10.137	7.294573692937526e-11
7	rs201489	101749901	C	T	0.052614	0.0080829	10.115	7.673618937767035e-11
7	rs201482	101748076	G	T	0.052584	0.0080824	10.106	7.834297391055878e-11
2	rs10194964	226898352	C	A	-0.072027	0.011085	10.083	8.260376013064998e-11
7	rs201486	101749543	C	T	0.052513	0.0080825	10.08	8.317639172213714e-11
7	rs201485	101748958	G	A	0.052513	0.0080825	10.08	8.317639172213714e-11
7	rs2529095	101749663	C	T	0.052509	0.0080833	10.077	8.375299295058816e-11
7	rs201507	101764141	T	C	0.052471	0.0080842	10.062	8.669613274709932e-11
7	rs201481	101748046	A	G	0.052446	0.0080814	10.059	8.729713377165598e-11
7	rs35078937	101739633	T	TTC	0.052637	0.0081152	10.049	8.933059231371884e-11
2	rs2396316	227133527	A	T	0.054191	0.008357	10.044	9.036501563350297e-11
7	rs111543121	101745527	C	CCTCTT	0.052438	0.0080891	10.039	9.141141728654111e-11
7	7:101755688_AT_A	101755688	AT	A	0.052404	0.0080851	10.036	9.20449038148557e-11
7	rs201508	101764199	T	G	0.052398	0.0080841	10.036	9.20449038148557e-11
7	rs201497	101755928	A	C	0.052353	0.0080839	10.02	9.549915794217655e-11
2	rs1851522	226901665	C	G	-0.071802	0.011089	10.017	9.616118391667961e-11
7	rs201477	101746915	G	A	0.052338	0.0080881	10.005	9.885528341633949e-11
7	rs201505	101760287	T	C	0.052274	0.0080835	9.993	1.0162486214595931e-10
7	rs201504	101759878	C	G	0.052274	0.0080835	9.993	1.0162486214595931e-10
7	rs201503	101759595	G	C	0.052274	0.0080835	9.993	1.0162486214595931e-10
7	rs201500	101757806	G	C	0.052272	0.0080834	9.9926	1.0171840908424269e-10
7	rs201490	101751910	C	T	0.052268	0.0080828	9.9924	1.0176532657410468e-10
7	rs201509	101765002	C	T	0.052273	0.0080839	9.9916	1.0195298915925917e-10
7	rs201478	101746964	G	C	0.052294	0.0080874	9.9913	1.0202353582703222e-10
7	rs201502	101759561	A	G	0.052266	0.0080835	9.9902	1.0228217563118543e-10
8	rs28693548	9612882	T	C	0.056271	0.0087036	9.9889	1.0258876823915073e-10
2	rs1518299	226900037	T	A	-0.071598	0.01108	9.9788	1.0500263074401412e-10
7	rs201471	101744145	T	G	0.052242	0.0080888	9.9696	1.0725073476629676e-10
7	rs201492	101754138	C	T	0.052203	0.0080836	9.9676	1.0774574570187919e-10
7	rs201498	101756262	G	A	0.052203	0.0080836	9.9676	1.0774574570187919e-10
7	rs140591814	101753668	A	AAT	0.052224	0.0080877	9.9656	1.0824304133813877e-10
7	rs169307	101746234	T	G	0.052196	0.0080885	9.9539	1.1119868790141106e-10
7	rs201475	101745883	G	T	0.052189	0.0080884	9.9517	1.1176344742142901e-10
4	rs17246599	97921253	T	C	-0.062545	0.0096953	9.9483	1.1264181466694871e-10
7	rs201470	101744045	G	A	0.052172	0.0080886	9.9452	1.1344883319028585e-10
7	rs201511	101767653	A	G	0.052142	0.0080873	9.9375	1.1547819846894582e-10
7	rs201529	101776946	A	G	0.052108	0.008082	9.9375	1.1547819846894582e-10
7	rs201472	101744428	C	T	0.052151	0.0080888	9.9375	1.1547819846894582e-10
4	rs34368269	97588497	T	TAATA	0.052252	0.0081054	9.9352	1.1609145716854017e-10
2	rs1851521	226987567	T	C	-0.072153	0.011197	9.9283	1.1795058416656597e-10
8	rs755856	10736552	C	G	-0.053535	0.0083085	9.9263	1.184949797751183e-10
7	rs201469	101743932	C	G	0.0521	0.0080892	9.9185	1.206424236552562e-10
7	rs201527	101774451	T	C	0.052041	0.0080815	9.915	1.2161861074720776e-10
7	rs201526	101774333	T	G	0.052033	0.0080816	9.912	1.2246170382815807e-10
7	rs201522	101771546	G	A	0.052016	0.0080809	9.9075	1.2373704291298004e-10
7	7:101755857_GT_G	101755857	GT	G	0.052183	0.008107	9.9074	1.2376557640178513e-10
7	rs201493	101754865	T	C	0.051944	0.0080743	9.8974	1.2664851376380491e-10
5	rs7733216	82857870	T	C	-0.064106	0.0099788	9.8714	1.3446217147527708e-10
7	rs2734782	101749667	T	C	0.051997	0.0080947	9.8694	1.3508277557134652e-10
2	rs6754070	226990994	T	A	-0.071715	0.01118	9.8435	1.433837262659273e-10
7	rs201468	101742673	C	T	0.051805	0.0080768	9.8424	1.4374753392112241e-10
7	rs367333	101808963	C	A	0.051916	0.0081111	9.8043	1.5692772969697106e-10
7	rs201442	101737627	A	G	0.05159	0.0080603	9.804	1.5703631629656565e-10
7	rs2529373	101739618	A	G	0.051697	0.0080802	9.7967	1.5969836729530797e-10
2	rs112698687	226902761	A	AATCATT	-0.070928	0.011093	9.7861	1.6364382134919824e-10
7	rs201441	101737327	T	G	0.051514	0.0080602	9.7773	1.669937122062291e-10
7	rs4729775	101812218	C	T	0.051863	0.0081289	9.746	1.794732428743159e-10
7	rs6950791	101780458	C	T	0.051592	0.008087	9.7446	1.8005272724367236e-10
7	rs6970800	101780471	T	C	0.051583	0.0080874	9.7408	1.8163523332230766e-10
7	rs201435	101732865	G	C	0.051513	0.0080798	9.7331	1.848843124491713e-10
7	rs781797963	101740989	AC	A	0.051623	0.0081025	9.7211	1.9006412319376297e-10
7	7:101744089_GA_G	101744089	GA	G	0.051899	0.0081511	9.7092	1.953440081925622e-10
7	rs411354	101803415	T	C	0.051559	0.0081195	9.6611	2.1822254301026197e-10
7	rs201464	101741990	G	A	0.051121	0.0080582	9.6441	2.2693412676714167e-10
4	rs17247004	97934806	A	G	-0.061247	0.0096567	9.6398	2.291922500793614e-10
7	rs10953358	101738226	T	C	-0.051089	0.0080564	9.6371	2.3062149348924427e-10
7	rs201445	101737921	G	T	0.051087	0.0080563	9.6366	2.3088752018648632e-10
7	rs201443	101737688	A	T	0.051068	0.0080577	9.6266	2.362651871094726e-10
4	rs5860478	97651409	G	GC	0.052477	0.0082836	9.619	2.4043603924287423e-10
7	rs201447	101738384	C	A	0.051027	0.0080566	9.6149	2.427170945177892e-10
7	rs201446	101738323	C	G	0.051019	0.0080566	9.6121	2.44286997944495e-10
7	rs201436	101733576	T	C	0.051169	0.0080808	9.611	2.44906289765675e-10
7	rs201466	101742140	C	T	0.050978	0.0080545	9.6021	2.4997675591625837e-10
7	rs1297621	101890901	C	T	-0.051679	0.0081675	9.5974	2.526971177400552e-10
7	7:101741925_CTT_C	101741925	CTT	C	0.050889	0.0080438	9.5949	2.541557085549597e-10
7	rs382228	101786064	A	C	0.051152	0.0080867	9.5917	2.560356262883001e-10
7	rs10638510	101740827	T	TTC	0.05088	0.0080443	9.5906	2.5668470205010985e-10
2	rs1518297	226899712	C	A	-0.069794	0.011052	9.5628	2.736526087068652e-10
4	rs7659577	97922646	C	A	-0.061467	0.009737	9.5562	2.778433281487787e-10
7	rs201448	101738860	T	C	0.050844	0.0080554	9.5537	2.7944706518402743e-10
8	rs4610751	9452088	C	A	0.055885	0.0088541	9.5534	2.796404293946333e-10
7	rs4729776	101830064	A	G	0.051162	0.0081089	9.5469	2.8385738950970187e-10
7	rs443963	101811312	T	C	0.051243	0.0081225	9.5452	2.849703344527659e-10
7	rs201458	101741439	T	C	0.050782	0.008055	9.5328	2.9322451676314183e-10
7	rs1734879	101740610	C	A	0.050781	0.008055	9.5324	2.9349443354525193e-10
7	rs201457	101741338	C	A	0.05078	0.008055	9.5324	2.9349443354525193e-10
7	rs201461	101741625	T	C	0.05078	0.008055	9.5322	2.936298074882223e-10
7	rs201459	101741502	G	A	0.05078	0.008055	9.5322	2.936298074882223e-10
7	rs201456	101741059	C	G	0.050785	0.0080565	9.5306	2.947137549949047e-10
7	rs6465851	101827463	A	C	0.051104	0.008108	9.5286	2.960739930567411e-10
7	rs34247954	101740993	C	T	0.050702	0.008045	9.5272	2.9702995868371476e-10
7	rs201438	101735236	G	A	0.050843	0.0080682	9.5253	2.9833209235776227e-10
7	rs201454	101740056	A	G	0.050719	0.0080554	9.51	3.090293803866819e-10
7	rs201455	101740212	C	T	0.050718	0.0080554	9.5098	3.0917191980458944e-10
7	rs201449	101739054	A	G	0.050715	0.0080554	9.5087	3.0995570135205024e-10
7	rs1637257	101740606	T	G	0.050784	0.0080668	9.5078	3.1059888887488786e-10
7	rs201452	101739663	C	T	0.050689	0.0080555	9.4995	3.1659184612291545e-10
7	rs201451	101739550	G	A	0.050687	0.0080556	9.4985	3.173219611500942e-10
7	rs201450	101739441	A	T	0.050686	0.0080556	9.4983	3.1746832551057995e-10
7	rs201453	101739788	T	C	0.050675	0.0080569	9.4917	3.2232933157376294e-10
7	rs2529094	101739617	C	T	0.050651	0.0080557	9.4859	3.2666309669632877e-10
4	rs10006108	97924013	C	T	-0.051956	0.0082658	9.4805	3.3074994355780164e-10
4	rs7660159	97923020	A	C	-0.051882	0.0082694	9.4479	3.5653336785037413e-10
4	rs1859325	97925157	T	C	-0.051861	0.0082663	9.4475	3.5686156121028607e-10
4	4:97605872_CA_C	97605872	CA	C	0.051891	0.0082713	9.4469	3.5735481014626464e-10
7	rs436287	101797609	T	G	0.050889	0.0081122	9.4454	3.585913109729724e-10
8	rs9657509	9620359	A	G	0.051863	0.0082681	9.4443	3.5950116502277204e-10
7	rs417013	101820155	G	A	0.050925	0.0081224	9.4359	3.665221838030772e-10
4	rs2158384	97921707	A	C	-0.051811	0.0082692	9.4244	3.7635671607319315e-10
4	rs7659421	97922649	A	G	-0.051844	0.0082765	9.4202	3.800140485235138e-10
2	2:227182726_AGAAGGGAAGG_A	227182726	AGAAGGGAAGG	A	0.051837	0.0082841	9.4019	3.963690251585625e-10
4	rs1013968	97924403	G	A	-0.051656	0.0082709	9.3688	4.2775967066966723e-10
7	rs201440	101735599	C	T	0.050318	0.0080631	9.3548	4.4177361672256986e-10
5	5:82860499_TG_T	82860499	TG	T	-0.063873	0.010243	9.3426	4.5436004221787646e-10
7	rs380175	101797832	C	T	0.050531	0.0081157	9.3157	4.833930729685386e-10
4	4:98208564_TA_T	98208564	TA	T	-0.093058	0.014946	9.3152	4.839496142346656e-10
2	2:227067182_ATTT_A	227067182	ATTT	A	0.053389	0.0085866	9.2918	5.107406851089884e-10
2	rs114562459	227067188	T	G	0.053389	0.0085866	9.2918	5.107406851089884e-10
2	rs201810030	227067189	A	C	0.053389	0.0085866	9.2918	5.107406851089884e-10
5	5:82861251_TGAGA_T	82861251	TGAGA	T	-0.062583	0.010117	9.204	6.25172011853922e-10
8	rs10111376	9615470	A	G	0.050895	0.008236	9.1867	6.505791380338228e-10
7	7:101859933_ACT_A	101859933	ACT	A	-0.050242	0.008153	9.1395	7.252710386983639e-10
8	rs6601347	9565159	C	T	-0.052891	0.0085861	9.133	7.362064637685462e-10
5	rs35544841	82862328	G	GA	-0.062046	0.010074	9.1302	7.409682752615907e-10
8	rs4840426	9408978	T	G	-0.051095	0.0083029	9.1163	7.65068587323138e-10
8	rs4840425	9408271	G	A	-0.05038	0.0082042	9.0803	8.311887737286649e-10
8	rs13272424	9575319	T	G	-0.050504	0.0082285	9.072	8.47228292268948e-10
8	rs13254942	10257678	T	C	0.050571	0.0082431	9.0645	8.619858664187256e-10
7	rs448591	101873585	G	A	-0.049974	0.0081462	9.0637	8.635754303842181e-10
4	rs34792753	98183273	T	G	-0.092564	0.015103	9.048	8.953640734664512e-10
7	rs427534	101886704	A	G	-0.049772	0.0081378	9.0134	9.696163323070322e-10
5	rs13164785	82861400	T	G	-0.061796	0.010105	9.0115	9.738669812408922e-10
5	rs10052710	82860025	T	G	-0.061284	0.010036	8.9874	1.0294374064510971e-09
4	rs35952222	98129158	G	A	-0.089522	0.014669	8.977	1.054386322185772e-09
8	rs35316422	9575129	G	T	-0.050196	0.0082303	8.9666	1.0799398870156087e-09
2	rs2176042	227058625	C	T	0.052153	0.0085575	8.9543	1.1109642227527752e-09
5	rs13176921	82860348	A	G	-0.06098	0.010017	8.9367	1.1569114857664174e-09
8	rs10104032	9616664	C	A	0.050152	0.0082396	8.9335	1.165466272819969e-09
8	rs13264850	9575331	A	T	-0.050095	0.0082312	8.9314	1.1711154242780082e-09
8	rs10094989	9612009	T	C	0.050229	0.008258	8.9219	1.197016686286064e-09
8	rs6994574	9578255	G	A	-0.050045	0.0082286	8.9204	1.2011585421675332e-09
5	rs17205972	82859065	G	T	-0.061185	0.010064	8.9134	1.22067571263217e-09
2	rs10439362	227026736	T	C	-0.052167	0.0085851	8.9056	1.2427975999365918e-09
8	rs13276086	9578982	T	G	-0.049988	0.0082294	8.9	1.2589265175925679e-09
2	rs13423088	227026864	T	A	-0.05214	0.0085847	8.8977	1.2656093955308953e-09
5	rs12653308	82858828	A	G	-0.060774	0.010007	8.8967	1.2685281075872283e-09
8	rs6601338	9438928	C	T	0.050066	0.0082462	8.8917	1.2832173089269168e-09
8	rs4128198	9433499	T	G	0.050046	0.0082484	8.8809	1.3155265486330818e-09
2	rs13012754	227171148	C	G	0.052189	0.0086033	8.8777	1.3252571256148716e-09
2	rs2943635	227077377	C	T	0.051904	0.0085626	8.8655	1.3630115934830928e-09
5	rs67827860	82860485	C	T	-0.061171	0.010101	8.8506	1.410586611297598e-09
4	rs2865773	97938148	A	G	-0.049673	0.0082047	8.8455	1.427249855237863e-09
8	rs28371382	9572875	G	A	-0.052177	0.0086188	8.8445	1.430541337882186e-09
4	rs1018952	97932258	A	C	-0.049672	0.0082112	8.8322	1.471634462937954e-09
8	rs386722087	9572877	GC	G	-0.052149	0.0086212	8.8313	1.4746882442383486e-09
8	rs56293196	9572872	G	A	-0.052148	0.0086212	8.8311	1.475365202577528e-09
8	rs10102170	9611470	C	T	0.049984	0.0082636	8.8305	1.4774076754781154e-09
2	rs36083960	227036553	C	CA	-0.052348	0.0086546	8.8302	1.4784267255170555e-09
8	rs11249945	9628753	G	A	0.05061	0.0083717	8.8217	1.5076478193000678e-09
8	rs7460436	10254322	C	T	0.049772	0.0082332	8.8215	1.5083432199843124e-09
8	rs10096462	9614993	C	A	0.049799	0.0082404	8.8159	1.5279183652801498e-09
2	rs12469772	227180128	C	T	0.067512	0.011178	8.8058	1.563866087563181e-09
4	rs7699465	97942649	T	C	-0.049573	0.008211	8.8004	1.5834349250360253e-09
2	rs5839144	227048138	C	CT	0.051936	0.0086035	8.7983	1.591110019480272e-09
2	rs62188784	227036911	C	T	-0.05167	0.0085618	8.7937	1.6080508642600794e-09
5	rs3852188	82858014	C	G	-0.060942	0.0101	8.7904	1.6203187164619545e-09
4	rs17247838	97950728	T	G	-0.11889	0.019706	8.7893	1.624426385462978e-09
4	rs11932741	97933429	A	G	-0.049525	0.0082101	8.7865	1.634933237294062e-09
8	rs4129360	9573284	T	A	-0.04965	0.0082314	8.7852	1.6398339782293997e-09
8	rs4240645	10254463	C	G	-0.049655	0.0082323	8.7852	1.6398339782293997e-09
4	rs7668613	97941729	C	T	-0.049502	0.0082094	8.7802	1.6588227978903922e-09
2	rs2972152	227066574	A	C	0.051606	0.0085584	8.7801	1.6592053187638426e-09
8	rs12114661	9573154	G	A	-0.049631	0.0082314	8.7791	1.6630280785650264e-09
2	2:227025121_GTCAA_G	227025121	GTCAA	G	-0.05194	0.0086163	8.7754	1.6772578696724496e-09
8	rs12155819	9572679	A	G	-0.049615	0.0082312	8.7743	1.6815135775454016e-09
7	rs436709	101878968	C	T	-0.049412	0.0081977	8.7738	1.6834495417695265e-09
4	rs11930522	97945921	T	C	-0.049495	0.0082119	8.7732	1.6857763816018563e-09
7	rs782789147	101740819	C	CTT	0.048726	0.0080843	8.7731	1.6861651179121798e-09
2	rs1515098	227073854	C	T	0.051588	0.0085613	8.7688	1.7029434174797724e-09
4	rs17187678	97940718	A	G	-0.049462	0.0082086	8.7685	1.7041180320324781e-09
8	rs7461939	9571621	G	A	-0.049594	0.0082311	8.7677	1.7072605483105222e-09
8	rs12541491	10250048	C	T	0.049561	0.0082267	8.7654	1.7163271288218835e-09
4	rs2214553	97937366	C	T	-0.049433	0.0082065	8.7634	1.7242487593790533e-09
2	rs2972153	227066471	T	C	0.051538	0.0085582	8.7591	1.7414060127859636e-09
8	rs13268319	9579249	C	A	-0.049553	0.0082332	8.7502	1.7774595590248201e-09
8	rs11249999	10251265	T	C	0.049281	0.0081992	8.7281	1.8702522117154977e-09
8	rs12679956	9584849	G	A	-0.049447	0.008231	8.72	1.9054595463785963e-09
2	rs3856552	227174213	T	A	0.06676	0.011113	8.72	1.9054595463785963e-09
2	rs16866957	227174994	A	C	0.066734	0.011112	8.7153	1.9261956319708666e-09
4	rs10031498	97947597	G	A	-0.049327	0.0082138	8.7146	1.9293027823632475e-09
8	rs11989640	10256054	A	G	-0.049254	0.0082098	8.6985	2.002167098843171e-09
8	rs6982148	9581070	G	C	-0.049384	0.0082329	8.6956	2.0155818735925612e-09
8	rs4841204	9583407	G	A	-0.049367	0.0082325	8.6912	2.036102999296792e-09
2	2:227075969_AT_A	227075969	AT	A	0.051466	0.008587	8.6826	2.0768253616214107e-09
4	rs4141303	97935617	G	A	-0.049181	0.0082083	8.6779	2.099421718530928e-09
4	4:97957841_TTTA_T	97957841	TTTA	T	-0.067594	0.011283	8.6756	2.1105709107600795e-09
2	rs2943651	227047414	G	T	0.051292	0.0085633	8.6727	2.124712004865972e-09
8	rs9644707	9590116	A	T	-0.049277	0.0082323	8.6623	2.1762054326719406e-09
8	rs13264580	10250699	C	T	0.049098	0.0082108	8.646	2.2594362465280763e-09
8	rs11779205	10260100	C	T	0.04921	0.0082361	8.633	2.328089253646835e-09
8	rs10106040	9612413	C	G	0.049327	0.0082564	8.6317	2.335072869467057e-09
12	12:69676379_TTA_T	69676379	TTA	T	0.051349	0.008595	8.6316	2.335606203312139e-09
2	rs13388242	227020853	G	A	-0.050401	0.0084369	8.6306	2.340992511290355e-09
8	rs4612345	9580001	A	G	-0.049172	0.0082322	8.6283	2.3534245897455806e-09
8	rs6990418	9422006	C	G	0.049246	0.008245	8.6276	2.357220904105397e-09
12	rs377386834	69676385	A	G	0.051339	0.0085964	8.626	2.365917494653489e-09
8	rs11249939	9556500	G	A	-0.048733	0.0081604	8.6253	2.3697339613455727e-09
2	rs2943632	227054381	A	G	0.051134	0.0085651	8.6204	2.396622163260868e-09
8	rs4841203	9582730	A	G	-0.049131	0.0082317	8.6161	2.42046991350689e-09
8	rs1133184	10226560	G	C	0.050243	0.008425	8.6029	2.4951717721504326e-09
2	2:227029688_CATAG_C	227029688	CATAG	C	-0.051518	0.0086407	8.5993	2.515936151098368e-09
8	rs60755617	10243327	T	G	0.048989	0.0082207	8.5916	2.560941051764033e-09
4	rs2189576	97948388	A	G	-0.04896	0.0082169	8.5895	2.5733542328349196e-09
8	rs33994795	9473429	C	T	-0.049086	0.0082454	8.5754	2.658273412176274e-09
8	rs6992666	9586704	A	C	-0.04901	0.0082349	8.571	2.685343832392257e-09
8	rs2979255	8919309	C	T	0.048746	0.0081919	8.5682	2.702712738742802e-09
8	rs10109026	9411986	C	T	0.048915	0.0082213	8.5666	2.7126899231420953e-09
8	rs6601350	9573956	C	G	-0.048973	0.0082343	8.5603	2.7523276091464576e-09
8	rs35840352	10239807	A	G	0.048718	0.0081928	8.5576	2.7694911305824973e-09
8	rs13282477	9665465	G	C	0.073952	0.012443	8.5495	2.821626559414025e-09
8	rs34155841	10247529	T	G	0.048796	0.008211	8.5478	2.8326957822724928e-09
15	rs12911569	43597297	T	A	-0.060252	0.010139	8.5472	2.8366110937894247e-09
8	rs11778555	9587574	C	T	-0.048919	0.0082322	8.5467	2.8398831837807944e-09
2	rs1515113	227158238	A	G	0.066047	0.011116	8.5454	2.8483957832269747e-09
15	rs1814324	43607149	T	A	-0.060228	0.010136	8.5453	2.8490526170035046e-09
8	rs12542912	9585196	C	T	-0.048901	0.0082304	8.5446	2.8536484300195374e-09
8	rs11785458	9506810	T	C	-0.049098	0.0082685	8.5351	2.9167554416666317e-09
8	rs2001337	10251154	G	A	0.048704	0.008207	8.5258	2.9798901093869822e-09
8	rs11785923	9587674	G	C	-0.048815	0.0082261	8.525	2.985385241179211e-09
15	rs7176923	43609877	G	A	-0.060171	0.010141	8.523	2.999164152293715e-09
8	rs12550717	10266706	G	A	0.049078	0.0082763	8.5139	3.0626699461191516e-09
2	rs1515103	227144141	C	T	0.065861	0.011108	8.5114	3.0803479564282714e-09
8	rs12676193	9404307	G	A	-0.048876	0.008246	8.507	3.111716555764218e-09
8	rs7004937	9420961	T	A	0.048811	0.0082411	8.4954	3.195947019505997e-09
15	rs7177892	43613369	T	C	-0.060034	0.010139	8.491	3.2284928172443926e-09
15	rs7181545	43613561	G	A	-0.060033	0.010139	8.4908	3.2299819555467533e-09
8	rs11782886	9587891	A	G	-0.048728	0.0082307	8.4885	3.2471351027211485e-09
8	rs12545250	9420566	T	C	0.048777	0.008241	8.4846	3.2764227503433443e-09
8	rs34487437	10243803	G	A	0.048935	0.0082697	8.4809	3.304457641586566e-09
8	rs1986972	10268805	G	A	0.04904	0.0082901	8.4757	3.344256821352759e-09
8	rs9886443	9666697	C	T	-0.071995	0.012171	8.4755	3.345799355658243e-09
8	rs6601340	9461315	A	T	0.0488	0.0082511	8.4728	3.366663768299635e-09
8	rs10090444	10745469	C	G	-0.047545	0.0080407	8.4694	3.3931229304763497e-09
8	rs4422774	9522011	A	G	-0.048895	0.0082695	8.4685	3.400163982868084e-09
7	7:101736506_TAAAAAAAAAA_T	101736506	TAAAAAAAAAA	T	0.04861	0.0082213	8.4684	3.4009480531727936e-09
8	rs35388602	10259188	T	C	0.048655	0.0082295	8.4671	3.4111424543648115e-09
2	2:227156738_AT_A	227156738	AT	A	0.050899	0.0086113	8.4633	3.4411234146743864e-09
15	rs34647408	43596204	C	CT	-0.060009	0.010154	8.4608	3.4609858929269486e-09
15	rs62019432	43608680	C	T	-0.059895	0.010137	8.4569	3.4922100437570407e-09
15	rs34657657	43607961	C	T	-0.059887	0.010137	8.4549	3.508328181919706e-09
8	rs7001832	9607235	C	G	-0.04861	0.0082303	8.4515	3.5359007079345137e-09
15	rs35681736	43607993	G	A	-0.05985	0.010138	8.4449	3.590049535206575e-09
15	rs17723479	43614312	T	C	-0.059837	0.010137	8.442	3.6140953884043377e-09
8	rs12682175	9479161	A	G	-0.04875	0.0082601	8.4399	3.6316133318309608e-09
8	rs2979253	8919676	C	T	0.047664	0.0080773	8.4378	3.649216186780086e-09
8	rs11250002	10257041	T	G	0.048468	0.008214	8.4366	3.659318982565934e-09
2	rs13405357	227022036	T	C	-0.0498	0.0084399	8.4365	3.660162813441193e-09
15	rs767353937	43613680	AAAAGT	A	-0.059882	0.010152	8.4316	3.7016928747797168e-09
8	rs12542457	9564600	T	C	-0.048575	0.0082351	8.4312	3.7051003286998383e-09
8	rs2001338	10251217	A	G	0.048341	0.0082004	8.4218	3.7861720075092666e-09
8	rs11249934	9510830	T	C	-0.048703	0.0082646	8.4167	3.830889602974098e-09
2	rs952227	227062080	A	G	0.05005	0.0085009	8.4025	3.958219257650093e-09
15	rs35975365	43671545	A	G	-0.060531	0.010289	8.3909	4.065372469270839e-09
7	rs78404854	83662138	T	C	0.071074	0.012081	8.3908	4.066301005916987e-09
8	rs7001484	9667203	C	A	-0.050843	0.008643	8.3892	4.081311937111228e-09
7	rs76125976	83651318	G	A	0.07102	0.012077	8.3837	4.133325707741736e-09
8	rs4554469	9518424	A	G	-0.048628	0.0082752	8.3731	4.235451560687933e-09
8	rs10092751	9426325	T	C	0.048346	0.0082416	8.346	4.508169975684526e-09
7	rs766415339	83666469	TTC	T	0.071041	0.012115	8.3399	4.571934325084694e-09
8	rs4075359	9487813	T	C	-0.048153	0.0082152	8.3341	4.63340465241722e-09
8	rs7462070	9571364	C	T	-0.048297	0.0082431	8.3277	4.702191788577021e-09
8	rs11780399	9589167	C	T	-0.048272	0.0082433	8.3193	4.794025084455505e-09
7	rs79643070	83670131	T	G	0.071193	0.012162	8.3144	4.848420521479431e-09
15	rs34197536	43617264	C	CT	0.059428	0.010152	8.3138	4.855121938844994e-09
8	rs34381075	10243785	C	G	0.047927	0.0081879	8.313	4.864075133070932e-09
7	rs76881522	83670129	T	A	0.07117	0.012159	8.3129	4.865196778053624e-09
2	rs2943653	227047771	C	T	0.049789	0.0085064	8.3124	4.8707981880163015e-09
7	rs365836	101809851	A	G	0.052988	0.0090648	8.2925	5.099181350485995e-09
8	rs7832708	10190040	C	T	0.046784	0.0080053	8.2887	5.143987401308288e-09
8	rs6601544	10836024	T	C	-0.04707	0.0080582	8.2815	5.2299813156038434e-09
8	rs10092835	10837420	A	G	-0.047087	0.0080655	8.2731	5.332122283728867e-09
8	rs4840437	9606264	G	A	-0.047996	0.0082246	8.2668	5.410034981017357e-09
8	rs7387360	8922464	C	T	0.04733	0.0081155	8.2573	5.5296752061294294e-09
8	rs1394	9511654	G	A	-0.048193	0.0082648	8.2548	5.561605208648187e-09
8	rs12547642	9493927	T	C	-0.048117	0.0082532	8.2523	5.5937073012482475e-09
8	rs4841093	8920269	C	G	0.047258	0.0081078	8.2486	5.641570165043976e-09
8	rs9650650	10247976	C	T	0.048009	0.0082373	8.2476	5.6545805922069754e-09
8	rs12543645	10246325	G	C	0.048072	0.0082494	8.245	5.688530807422695e-09
8	rs7016732	9397227	G	A	-0.048485	0.0083209	8.2442	5.699020867573729e-09
8	rs4451267	10835917	C	T	-0.046941	0.0080571	8.2419	5.729273515598657e-09
8	rs11249995	10238922	T	C	0.047612	0.0081755	8.2359	5.808982588746351e-09
8	rs895254	8923966	C	G	0.047642	0.0081832	8.231	5.874894247741169e-09
8	rs7010719	10836069	C	T	-0.04688	0.0080574	8.2216	6.003443408961687e-09
7	rs17158507	83642711	C	A	0.070427	0.012111	8.2131	6.122087981911058e-09
8	rs9644704	9560169	A	G	-0.04781	0.0082392	8.1815	6.584147706474432e-09
8	rs12550039	123850020	A	T	0.048528	0.0083651	8.1776	6.643548243614647e-09
8	rs7846399	9493129	T	C	-0.047833	0.008251	8.1673	6.802989109043245e-09
4	rs34714050	98183270	A	AAT	-0.092882	0.016023	8.1659	6.824954644353451e-09
8	rs1900102	8923585	C	T	0.047434	0.0081841	8.1635	6.862781436450654e-09
2	rs78859467	227067192	C	A	0.049828	0.0085987	8.1608	6.905577757609495e-09
2	rs200115642	227067191	T	A	0.049828	0.0085987	8.1608	6.905577757609495e-09
8	rs1458942	9406602	G	A	-0.047898	0.0082662	8.1597	6.923084083618632e-09
8	rs12677507	9481687	G	C	-0.047871	0.0082645	8.1547	7.003251464528538e-09
8	rs35406700	10244593	A	G	0.047455	0.0081956	8.149	7.095774937249301e-09
8	rs4841466	10828909	T	C	-0.046515	0.008035	8.146	7.144964766970432e-09
4	rs7697251	97926538	C	A	-0.047684	0.0082435	8.134	7.3451416493646966e-09
8	rs2979252	8922043	G	A	0.047335	0.0081846	8.1312	7.392650305761092e-09
8	rs35472251	10246669	A	G	0.047625	0.0082386	8.1246	7.505844961957111e-09
8	rs11249996	10245463	A	C	0.047362	0.0081946	8.1216	7.557877507923824e-09
8	8:8915213_TA_T	8915213	TA	T	0.04667	0.0080757	8.1202	7.582280431787075e-09
2	rs7578326	227020653	A	G	-0.048579	0.0084144	8.1054	7.845125844642116e-09
2	rs2943634	227068080	A	C	0.049057	0.0084996	8.101	7.925016367674457e-09
8	rs7011106	10836359	C	T	-0.046518	0.0080616	8.0977	7.985458940612627e-09
8	rs12156017	9406837	C	G	-0.048081	0.0083338	8.0952	8.031569374694643e-09
8	rs34646090	8914158	A	AG	0.046594	0.0080776	8.0925	8.081654260181934e-09
8	rs6980728	9390529	C	T	-0.047102	0.0081669	8.0902	8.124554864947843e-09
8	8:8914034_CA_C	8914034	CA	C	0.046565	0.0080754	8.0872	8.180876475187876e-09
8	rs10096421	10831868	T	G	-0.046331	0.0080386	8.0801	8.31572158518261e-09
8	rs4451266	10835480	C	T	-0.046444	0.008059	8.0786	8.344495219460937e-09
8	rs10099122	9568003	C	T	-0.047325	0.0082144	8.0742	8.429471050406833e-09
8	rs2921371	8921769	C	A	0.047298	0.0082126	8.069	8.530996344436018e-09
8	rs6988716	9670706	G	A	-0.049637	0.008623	8.0616	8.677612815885417e-09
8	rs7835002	9455045	G	C	0.047639	0.008276	8.0616	8.677612815885417e-09
8	rs7014663	9587275	G	T	-0.047443	0.0082437	8.0584	8.741779461896275e-09
8	rs2953804	8919302	T	G	0.047543	0.0082665	8.0489	8.935119175100722e-09
8	rs17734024	9635770	G	A	0.076259	0.013267	8.0399	9.122212271676148e-09
2	rs7570832	227127417	T	C	0.063326	0.011022	8.0339	9.249105623875438e-09
8	rs6601427	10156025	T	C	-0.046401	0.0080782	8.03	9.33254874614691e-09
4	rs75782263	96791535	A	C	0.076085	0.013246	8.0298	9.336832869739937e-09
8	rs2921372	8921727	G	A	0.047142	0.0082128	8.0199	9.55211798370747e-09
8	rs7014861	10837019	G	A	-0.046262	0.0080603	8.0184	9.585169733532328e-09
2	rs2673145	227183246	G	A	0.046544	0.0081105	8.0166	9.624991282832195e-09
7	rs201495	101755522	C	T	0.054049	0.0094192	8.0152	9.656068517044201e-09
8	rs34738102	10837190	A	G	-0.046217	0.0080555	8.0128	9.70956522106673e-09
2	rs149929966	227118089	C	A	0.063731	0.011109	8.0122	9.722985642974495e-09
8	8:9558446_CT_C	9558446	CT	C	-0.047539	0.0082907	8.0044	9.899191977245361e-09
8	rs59238467	9558448	T	C	-0.047539	0.0082907	8.0044	9.899191977245361e-09
8	rs6601327	9395532	G	A	-0.047003	0.0081976	8.0038	9.912874498538113e-09
4	rs115111323	96800226	C	A	0.075239	0.013124	8.0017	9.96092336166933e-09
8	8:9591977_TTACTC_T	9591977	TTACTC	T	-0.047238	0.0082448	7.9927	1.0169507010829933e-08
8	rs4841230	9678948	C	T	0.048795	0.0085166	7.9925	1.0174197683308765e-08
12	rs607797	69646010	T	C	0.051503	0.0089907	7.9904	1.0223513210508e-08
15	15:43618651_CT_C	43618651	CT	C	-0.05825	0.010173	7.9844	1.0365737447904189e-08
12	rs9325189	69646033	C	CAAAA	0.051772	0.0090438	7.9804	1.0461643451848662e-08
12	rs10878947	69642683	A	T	0.051478	0.0089932	7.979	1.0495422074004457e-08
8	rs2953805	8914757	T	C	0.046129	0.0080623	7.9727	1.0648780642967168e-08
12	rs10878946	69642315	C	T	0.051458	0.0089942	7.9718	1.0670877874323504e-08
8	8:8922018_CT_C	8922018	CT	C	0.047022	0.0082189	7.9718	1.0670877874323504e-08
12	rs595348	69638610	T	C	0.051481	0.0089984	7.9716	1.067578808191567e-08
12	rs479971	69672471	A	G	0.051391	0.0089827	7.9715	1.0678249895068384e-08
12	rs386764008	69652336	G	GT	0.051543	0.0090098	7.9706	1.0700396529328258e-08
12	rs478188	69639215	A	G	0.051441	0.0089982	7.9606	1.094964655376706e-08
12	rs478863	69639207	G	A	0.051441	0.0089982	7.9606	1.094964655376706e-08
12	rs618470	69672060	T	C	0.051332	0.0089816	7.9565	1.1053503334564554e-08
2	rs111583409	227120588	C	T	0.06358	0.011126	7.9548	1.1096853973219314e-08
8	rs2921378	8914812	C	G	0.046064	0.008062	7.9527	1.1150641723465215e-08
12	rs490872	69645864	A	G	0.051362	0.0089912	7.9495	1.1233107526050243e-08
8	rs6996943	10836436	T	C	-0.046057	0.0080627	7.949	1.124605280189724e-08
8	rs11785061	10259528	G	C	0.047048	0.0082366	7.9485	1.125900063424176e-08
8	rs10107145	10758213	A	G	-0.045919	0.0080392	7.9479	1.1274575042578333e-08
15	rs34591748	43627115	C	G	-0.057466	0.010063	7.9446	1.1360564054176786e-08
8	rs7011268	10836463	C	G	-0.046047	0.0080638	7.9439	1.1378889804932688e-08
8	rs2953806	8914124	C	T	0.046022	0.0080613	7.9405	1.1468330956060082e-08
12	12:69644435_GT_G	69644435	GT	G	0.051528	0.009026	7.9402	1.1476253900611875e-08
12	rs60745548	69626823	T	TC	0.051764	0.0090689	7.9375	1.1547819846894582e-08
8	8:10259192_TA_T	10259192	TA	T	-0.046947	0.0082304	7.9281	1.180048591625594e-08
4	rs74730033	96796951	T	C	0.074672	0.013092	7.9265	1.1844047935371044e-08
12	rs317646	69657145	G	A	0.051234	0.008984	7.9249	1.1887757713351664e-08
8	rs754440549	9620573	ATTT	A	0.047103	0.0082605	7.9232	1.1934380207003551e-08
8	rs77213765	9678718	G	A	0.048539	0.0085209	7.9087	1.2339569564878795e-08
12	rs547827	69669703	G	A	0.051161	0.0089829	7.9058	1.2422246253709075e-08
7	rs76633062	83672716	A	G	0.068613	0.012047	7.9057	1.242509715401495e-08
12	rs570256	69662929	A	T	0.051146	0.0089823	7.9024	1.2519874722379107e-08
8	rs7825012	9671885	G	A	-0.049101	0.0086264	7.897	1.2676523446470001e-08
8	rs755412844	9404935	G	GGGTC	-0.047844	0.0084081	7.8929	1.279675955732432e-08
8	rs543514364	9631234	G	GA	0.061475	0.010811	7.8827	1.3100866875218157e-08
12	rs5798932	69671365	T	TAGCC	0.051208	0.0090064	7.8813	1.314316703906222e-08
12	rs317630	69637847	T	C	0.051164	0.0090001	7.8792	1.3206873508287041e-08
7	rs2372024	83673021	T	C	0.068502	0.012051	7.878	1.3243421982514613e-08
8	rs2409797	11433780	T	C	-0.045647	0.0080332	7.8725	1.341220112117783e-08
8	rs7006985	9564437	A	G	-0.046536	0.0081906	7.8711	1.3455506523052307e-08
12	rs604168	69671158	G	A	0.051032	0.0089829	7.8693	1.3511392536104398e-08
8	rs11249992	10220412	C	A	0.046739	0.0082288	7.8667	1.3592515207712795e-08
12	rs317656	69681101	T	A	0.051029	0.0089849	7.8653	1.3636402808878088e-08
8	8:10754275_AT_A	10754275	AT	A	-0.045877	0.0080793	7.8627	1.371829110677093e-08
8	rs4292737	10259115	A	G	-0.046437	0.008178	7.8624	1.3727768445731649e-08
8	rs11250101	10837568	T	C	-0.045793	0.0080648	7.8621	1.373725233215175e-08
8	rs4840442	9678925	T	C	0.048371	0.0085222	7.8562	1.392514678597548e-08
15	rs35326382	43630884	C	G	-0.057132	0.010067	7.8544	1.3982983399833163e-08
12	rs650198	69674595	C	T	0.050982	0.0089844	7.853	1.4028131747226923e-08
8	rs3021416	8919136	G	A	0.045831	0.0080826	7.8424	1.437473760924352e-08
8	rs13262031	9389241	T	C	-0.047065	0.0083011	7.8407	1.4431113767733172e-08
8	rs12546498	8921570	A	G	0.046441	0.0081918	7.8394	1.4474387175575273e-08
8	rs12542037	10758496	G	A	0.045683	0.0080641	7.8287	1.4835423020153274e-08
8	rs10089518	10839803	C	T	-0.045626	0.0080582	7.8212	1.5093852652254897e-08
8	rs11250102	10837569	G	C	-0.045648	0.008065	7.8162	1.5268635252084137e-08
4	4:96797672_TA_T	96797672	TA	T	0.074926	0.013241	7.8128	1.5388633958267986e-08
8	rs34809001	10772856	A	AGCC	-0.045495	0.0080419	7.8093	1.5513152227859083e-08
15	rs62019442	43649719	C	T	-0.056879	0.010066	7.7926	1.6121292030857807e-08
12	12:69656876_AT_A	69656876	AT	A	0.050876	0.0090036	7.7926	1.6121292030857807e-08
8	rs4316191	10259229	G	A	-0.046186	0.0081761	7.7881	1.6289217950575675e-08
12	rs202200249	69676657	T	TA	0.050858	0.0090041	7.7866	1.6345563122186117e-08
4	rs4608815	97687112	A	G	-0.045927	0.0081348	7.7802	1.6588227978903922e-08
12	rs11374494	69676570	T	TA	0.050816	0.0090041	7.775	1.678803649471296e-08
4	rs35668753	98204196	C	A	-0.079532	0.014093	7.7741	1.682287326512641e-08
2	rs75582499	227086018	C	T	0.061864	0.010968	7.7673	1.7088339789169092e-08
8	rs2048655	9645562	G	T	0.048518	0.0086079	7.7567	1.7510557005957657e-08
15	rs7181634	43643901	A	G	-0.056735	0.010067	7.7556	1.755496728307281e-08
2	rs139532255	227052433	C	CCA	0.063398	0.01125	7.7538	1.762787996971378e-08
16	rs17719345	89911681	G	C	0.056295	0.0099941	7.7476	1.7881334251390667e-08
8	rs7843666	10742059	G	A	-0.045236	0.0080324	7.7449	1.7992842293786794e-08
4	rs1922860	97697189	A	T	-0.045795	0.0081317	7.7445	1.80094247004903e-08
16	rs72813407	89910833	C	T	0.05627	0.0099919	7.7443	1.8017731525266783e-08
4	rs76732589	96771908	G	A	0.075993	0.013495	7.7435	1.8050937699556263e-08
15	rs514438	43620443	T	C	-0.056656	0.010062	7.7417	1.8125910346490928e-08
15	rs55748552	43651626	T	C	-0.056677	0.010066	7.7415	1.813427090012696e-08
8	rs9650651	10267540	C	A	0.045941	0.0081598	7.7411	1.8150983649031633e-08
4	rs17024836	96769102	T	A	0.075966	0.013493	7.7406	1.817188128283397e-08
15	rs17780417	43639462	A	G	-0.056674	0.010067	7.7403	1.8184435403251084e-08
15	rs35992154	43637867	T	A	-0.056674	0.010067	7.7402	1.8188628693892192e-08
15	rs72707530	43645820	G	T	-0.05666	0.010067	7.7368	1.8331576106970747e-08
4	rs74672420	96773017	C	T	0.075955	0.013495	7.7362	1.8356933903902976e-08
15	rs7183708	43647424	C	T	-0.056656	0.010067	7.7359	1.8369615868699664e-08
8	rs4073948	10772644	A	T	-0.045217	0.0080357	7.7331	1.848843124491713e-08
15	rs35278805	43653322	G	A	-0.056644	0.010067	7.7323	1.8522525242545542e-08
15	rs34767197	43655234	G	A	-0.056644	0.010067	7.7322	1.8526776154321163e-08
15	rs10518812	43652937	A	C	-0.056644	0.010067	7.7322	1.8526776154321163e-08
15	rs150282133	43636474	A	AT	-0.056652	0.010069	7.7317	1.854812681150281e-08
8	rs1976672	9679692	G	T	0.047831	0.0085034	7.7279	1.8711128088207585e-08
8	rs7010262	10836508	G	A	-0.045317	0.0080582	7.7246	1.8853854957830294e-08
12	rs184370	69702333	G	A	0.049357	0.0087799	7.7194	1.9080953402654772e-08
2	rs6436611	227155846	C	T	0.061338	0.010911	7.7192	1.9089733508974698e-08
15	rs35160541	43657799	T	C	-0.056581	0.010068	7.7149	1.9279687187933305e-08
4	rs263074	96910216	A	G	-0.054098	0.0096322	7.7064	1.9660750068969025e-08
8	rs10092831	10837414	A	C	-0.045259	0.0080605	7.7027	1.9828956585559122e-08
8	rs12156350	10268516	T	G	-0.04555	0.0081163	7.6958	2.014652617574782e-08
8	rs10108511	11435516	T	C	-0.045081	0.0080355	7.6908	2.037979494820583e-08
8	rs71516540	9667552	C	T	0.070741	0.012612	7.6881	2.0506905913088103e-08
8	rs751023867	9566499	CG	C	-0.045983	0.008199	7.6863	2.059207916238596e-08
15	rs34515241	43634209	A	T	-0.056465	0.010068	7.6862	2.0596805035918303e-08
8	rs12548747	8921568	G	A	0.04594	0.0081919	7.6852	2.0644282129853155e-08
15	rs3917221	43658935	C	T	-0.056448	0.010068	7.6823	2.0782601451349778e-08
12	rs7969559	69655167	A	G	0.050179	0.0089513	7.6797	2.090740356247019e-08
2	rs908720	226894981	C	T	-0.067602	0.01206	7.6784	2.0970073869827698e-08
4	4:96756744_TA_T	96756744	TA	T	0.07586	0.013534	7.6783	2.0974909522546723e-08
4	rs766549327	96757126	GT	G	0.075854	0.013534	7.6771	2.1032932032526137e-08
4	rs74552352	96757390	G	C	0.075656	0.0135	7.6758	2.1096001776179167e-08
4	rs113773703	96782479	G	A	0.075631	0.013499	7.6721	2.1276487513513785e-08
8	rs60240827	10810250	C	T	-0.044875	0.0080103	7.6707	2.1345185174242654e-08
15	rs7180812	43695231	A	G	-0.056089	0.010014	7.6683	2.146346567382835e-08
2	rs78886916	227099496	G	T	0.061742	0.011024	7.6665	2.155261189219892e-08
8	rs35874762	9565392	C	A	-0.045812	0.0081815	7.664	2.1677039334562204e-08
4	rs79383524	96780781	G	A	0.075586	0.013499	7.6639	2.1682038011955967e-08
4	rs17475948	96783757	G	C	0.075571	0.0135	7.6603	2.18625201123879e-08
16	rs56362600	89907947	G	A	0.056022	0.010009	7.658	2.1978599113953552e-08
15	rs17780920	43662362	C	T	-0.056331	0.010069	7.652	2.2284354037300816e-08
8	rs60724652	10810249	A	T	-0.044819	0.008011	7.6519	2.228949276012369e-08
4	rs78353116	96786702	G	T	0.075515	0.013502	7.6476	2.2511261142576152e-08
4	rs80268115	96726583	G	A	0.068471	0.012245	7.6445	2.267254232203383e-08
4	4:96784396_GT_G	96784396	GT	G	0.075628	0.013526	7.6434	2.27300194704025e-08
8	rs6982308	10193772	C	G	-0.04478	0.008015	7.633	2.3280918097927668e-08
2	rs16866905	227113668	T	C	0.06128	0.010968	7.6329	2.3286261058868136e-08
4	rs79852250	96804933	T	C	0.073838	0.013216	7.6327	2.329700181786141e-08
4	rs75946536	96780558	C	T	0.075395	0.013501	7.6268	2.361565196175171e-08
4	rs113103562	96726072	G	A	0.068376	0.012247	7.6232	2.3812229537474813e-08
8	rs17734290	9680223	T	G	0.047507	0.0085115	7.6192	2.4032545341480586e-08
8	rs10086521	10783769	T	C	-0.046812	0.0083895	7.615	2.4266113739545707e-08
8	rs1976673	9679780	T	A	0.047438	0.0085018	7.6147	2.4282878086021454e-08
4	rs1514980	96953174	C	T	0.046066	0.0082568	7.6131	2.437249265155362e-08
8	rs59432853	9667873	G	A	0.07035	0.01261	7.6128	2.4389330490347e-08
4	rs138071087	96955517	T	C	0.046206	0.0082832	7.611	2.44906289765675e-08
7	rs80263827	83660738	T	C	0.061325	0.010998	7.605	2.4831329962405252e-08
8	rs11250001	10255901	G	A	-0.045661	0.00819	7.6032	2.4934464246350807e-08
15	rs35104408	43753058	C	CA	-0.057227	0.010266	7.6015	2.5032254504957193e-08
8	rs35233861	9558447	T	C	-0.04656	0.008353	7.6005	2.5089955623963784e-08
8	rs71509165	10140715	A	G	0.048483	0.0086983	7.6001	2.5113078810480742e-08
4	rs10031310	98042570	G	T	-0.070007	0.012562	7.5972	2.5281339639310133e-08
2	rs16866902	227111965	A	G	0.061319	0.011009	7.5898	2.5715804711151697e-08
8	rs778604432	10263264	CATGTGCTCACACACACCT	C	-0.045667	0.0082024	7.5842	2.6049542156946964e-08
2	rs4413154	227105013	A	G	0.061259	0.011012	7.5724	2.6767012819513897e-08
8	rs7011756	11019578	C	G	-0.04456	0.0080112	7.571	2.6853438323922568e-08
4	rs17462798	98275282	T	C	-0.080751	0.01452	7.5692	2.6964971219551073e-08
8	8:9665926_TA_T	9665926	TA	T	0.060943	0.010958	7.5686	2.7002241816355138e-08
8	rs7013239	9559838	T	C	-0.046009	0.0082753	7.5651	2.722073245270213e-08
2	rs147018294	227082809	G	T	0.061449	0.011053	7.5642	2.727721805822481e-08
4	rs60775756	96787512	G	T	0.074835	0.013463	7.5621	2.740943392732245e-08
4	rs9993126	98044973	C	A	-0.070046	0.012602	7.5608	2.749159418426626e-08
2	rs138269870	227082811	G	T	0.06142	0.011053	7.5582	2.7656684632653765e-08
15	rs11377303	43643531	C	CA	-0.056591	0.010185	7.5564	2.777155372626314e-08
8	8:10773017_CT_C	10773017	CT	C	-0.044672	0.0080401	7.556	2.7797117783793992e-08
4	rs4487347	98059299	T	A	-0.07134	0.012848	7.5476	2.8340023596840288e-08
8	rs17778581	10743421	C	T	-0.044579	0.0080302	7.5443	2.8556167496594034e-08
8	rs12547997	10260837	A	G	0.04579	0.0082486	7.5438	2.8589076241081627e-08
8	rs35331854	9600156	C	T	0.071607	0.012902	7.5404	2.881376247552769e-08
8	8:10821056_CT_C	10821056	CT	C	-0.044735	0.0080608	7.54	2.8840317564502845e-08
8	rs4841457	10773511	T	G	-0.044551	0.0080301	7.5355	2.914069802020016e-08
8	rs11986122	10009949	C	G	0.045068	0.0081271	7.5293	2.955968400699848e-08
8	rs4841226	9669253	G	T	0.069793	0.012587	7.5278	2.966196491290517e-08
15	rs35479272	43652542	G	GA	-0.056121	0.010123	7.5261	2.9778295915285984e-08
8	rs6601428	10156592	A	G	-0.048339	0.0087208	7.5231	2.9984727111090815e-08
4	rs10015575	98044991	A	G	-0.069859	0.012604	7.5226	3.0019249198650735e-08
4	rs13143980	98056479	T	C	-0.071204	0.012846	7.5225	3.0026171571214216e-08
4	rs10015656	98045066	A	C	-0.069577	0.012562	7.5124	3.0732638656200036e-08
8	rs12548025	10260921	A	T	0.045686	0.0082507	7.5089	3.0981314074422094e-08
4	rs17409065	96759338	C	T	0.074831	0.013517	7.5061	3.1181702395755265e-08
4	rs28422018	98047128	A	G	-0.069571	0.012573	7.4992	3.168109127728712e-08
4	rs769142603	98044157	GTA	G	-0.069887	0.012634	7.4955	3.195213719297352e-08
4	rs4574418	98049457	A	G	-0.06978	0.012616	7.4933	3.211441674865182e-08
4	rs4456961	98043166	A	G	-0.069417	0.012553	7.4909	3.229237300557469e-08
8	rs111613945	11434415	C	CTCGGTTT	-0.044669	0.0080794	7.4881	3.2501241306089876e-08
8	rs35373084	11457248	T	C	0.044568	0.0080654	7.4806	3.306740540010787e-08
8	rs765926002	9620414	CA	C	0.048647	0.0088047	7.4791	3.3181787111841027e-08
4	rs10023781	98045320	C	T	-0.069402	0.012563	7.4767	3.336569464352429e-08
8	rs35435260	9600591	G	T	0.070983	0.012852	7.474	3.357376319369956e-08
4	rs9993378	98045222	C	G	-0.069377	0.012561	7.4739	3.3581505229339657e-08
4	rs7691473	98051121	A	G	-0.069475	0.01258	7.4731	3.364339500242151e-08
4	rs11931750	96719807	T	C	0.067273	0.012182	7.4726	3.36821663778157e-08
8	rs6985109	10761585	G	A	-0.044304	0.0080228	7.4719	3.373649915416511e-08
4	rs4312765	98049269	G	C	-0.069653	0.012616	7.4692	3.3946880042139784e-08
4	rs66711826	98042989	A	G	-0.06932	0.012556	7.4681	3.4032976124026465e-08
4	rs34818848	98044633	G	A	-0.069328	0.012559	7.4666	3.4150735286399175e-08
4	rs10004925	98044871	T	C	-0.069328	0.012559	7.4663	3.417432846513754e-08
8	rs13276526	10136340	G	A	0.048108	0.0087152	7.4663	3.417432846513754e-08
4	rs67959649	98048972	G	A	-0.069644	0.012619	7.4642	3.433997543577808e-08
4	rs2903082	98043672	C	T	-0.0693	0.012557	7.4638	3.437162354504101e-08
4	rs34175954	98044135	T	A	-0.069297	0.012557	7.4629	3.444291011194574e-08
8	rs199679450	9816576	AG	A	-0.049201	0.0089169	7.4607	3.461783988629784e-08
8	rs67743015	9816575	A	G	-0.0492	0.0089169	7.4605	3.463380732195213e-08
4	rs4299587	98049319	T	G	-0.069593	0.012613	7.4602	3.465773423303279e-08
4	rs35555246	98044759	C	T	-0.069315	0.012563	7.4601	3.466568816850533e-08
4	rs34945220	98044709	C	A	-0.069314	0.012563	7.46	3.467368199963294e-08
4	rs67438438	98048899	T	G	-0.069596	0.012614	7.4594	3.4721607466009247e-08
4	rs4317211	98049381	G	A	-0.069597	0.012615	7.4589	3.4761621396745354e-08
4	rs17408974	96758652	A	G	0.074569	0.013518	7.4573	3.4889907162033456e-08
4	rs4618318	98063726	C	T	-0.070861	0.012846	7.4569	3.492206209458729e-08
8	rs11993089	10009952	G	T	0.044817	0.0081275	7.4522	3.5302061247034555e-08
4	rs28862933	98048679	G	A	-0.069542	0.012614	7.4496	3.551401553035437e-08
8	rs9329221	10240202	G	T	0.044196	0.0080175	7.4479	3.565333678503742e-08
8	8:9655891_TC_T	9655891	TC	T	0.065113	0.011812	7.4475	3.56861561210286e-08
8	rs56654851	10162832	T	C	0.047886	0.0086872	7.4473	3.570261631621938e-08
8	rs34328494	10136047	T	C	0.048436	0.0087886	7.4447	3.591701497556031e-08
4	rs11931752	96719853	T	A	0.067135	0.012182	7.4445	3.593354220056449e-08
8	rs13271207	9662130	C	T	0.071711	0.013014	7.4424	3.6107716286120533e-08
8	rs4506212	10155784	A	G	-0.048212	0.0087505	7.441	3.622430111439835e-08
15	rs7168220	43678731	C	T	-0.055498	0.010074	7.4391	3.6383142828574215e-08
4	rs13122495	98069780	G	A	-0.07088	0.012868	7.4376	3.650899383214132e-08
8	rs35558344	11434232	C	T	-0.044194	0.0080231	7.4376	3.650899383214132e-08
17	17:44297459_G_A	44297459	G	A	0.0624	0.011329	7.4366	3.659314964789104e-08
15	rs34178146	43676604	G	A	-0.055489	0.010075	7.4361	3.6635320384279326e-08
4	rs34082518	98064361	G	A	-0.070772	0.01285	7.4359	3.6652178137728576e-08
8	rs11250099	10818657	A	G	-0.043926	0.0079758	7.4354	3.669441689982409e-08
4	rs35010781	98064951	G	A	-0.07076	0.01285	7.4338	3.682983553579817e-08
15	rs62021176	43680212	A	G	-0.055459	0.010074	7.4302	3.7136408472917745e-08
4	rs9998114	98042389	T	C	-0.069113	0.012555	7.4291	3.72305938372544e-08
4	rs7690605	98050401	G	C	-0.066863	0.012147	7.4275	3.7368032231903127e-08
8	rs2898290	11433909	T	C	-0.044155	0.0080229	7.4261	3.748868637647197e-08
8	rs34741518	10776860	A	C	-0.044198	0.0080311	7.4252	3.7566437715335686e-08
4	rs961868	96957332	C	T	0.045339	0.0082399	7.4229	3.776589663223811e-08
4	rs77884607	96769808	T	C	0.07434	0.013511	7.4222	3.7826816882804465e-08
4	rs13148788	98048618	A	G	-0.069368	0.012608	7.4221	3.7835539663231805e-08
8	rs66682053	9662098	A	T	0.0716	0.013014	7.4218	3.7861678504532033e-08
4	rs13128094	98066985	T	A	-0.070689	0.012848	7.4215	3.788783540396043e-08
2	rs13395556	227023146	C	G	0.064481	0.01172	7.4212	3.7914052002011393e-08
4	rs10033252	98048307	G	A	-0.069356	0.012607	7.4208	3.7948952354226494e-08
8	rs80309548	8925354	G	GT	0.044865	0.0081549	7.4208	3.7948952354226494e-08
4	rs28624879	98067141	C	T	-0.070678	0.012848	7.4195	3.8062746793022804e-08
8	rs11250097	10811829	T	C	-0.043986	0.0079985	7.4155	3.8414911408653426e-08
4	rs10030881	98048210	C	T	-0.069338	0.012611	7.4128	3.865450932744656e-08
4	rs76988581	96807411	G	A	0.072884	0.013257	7.4121	3.871686300109765e-08
7	rs6960796	83684076	T	C	0.066675	0.012131	7.4077	3.911109167356515e-08
4	rs78978912	96756606	C	T	0.074311	0.013521	7.4075	3.912913161602597e-08
7	rs59594890	83650595	T	TAGAA	0.06001	0.010921	7.4048	3.9373140972700465e-08
8	rs764738	10144137	G	A	-0.047579	0.0086586	7.4048	3.9373140972700465e-08
4	rs143051930	98051210	T	TAAAAC	-0.069207	0.012599	7.3996	3.98473983117303e-08
4	rs34316338	98043978	A	AT	-0.069039	0.012574	7.3943	4.033666757706851e-08
8	8:10812333_GT_G	10812333	GT	G	-0.045032	0.008202	7.3934	4.042032561400058e-08
4	rs10016607	98062692	G	A	-0.070544	0.012849	7.3933	4.04296464518132e-08
4	rs79714004	96767645	C	T	0.074178	0.013512	7.3921	4.05415307589088e-08
8	rs1962073	10260553	A	G	-0.044342	0.0080803	7.3869	4.10298615860391e-08
8	8:11431558_TAC_T	11431558	TAC	T	-0.044147	0.0080485	7.3806	4.162938781882949e-08
4	rs80260540	96770959	C	T	0.074115	0.013515	7.378	4.187937747948879e-08
7	rs201077280	83683782	G	A	0.066526	0.012131	7.378	4.187937747948879e-08
7	rs59636011	83674590	C	G	0.066086	0.012053	7.3749	4.217937457108969e-08
8	rs7813718	9676094	G	T	-0.046698	0.0085183	7.3731	4.235456211038971e-08
7	rs116568134	83653709	A	C	0.059981	0.010941	7.3731	4.235456211038971e-08
4	rs28606593	98056859	T	C	-0.068775	0.01255	7.3682	4.283513842681784e-08
8	rs13278498	10136252	C	A	0.047706	0.0087058	7.3675	4.290423588242488e-08
4	4:98043506_TA_T	98043506	TA	T	-0.06881	0.012559	7.3655	4.3102258450670094e-08
8	rs550036979	9497029	C	CT	0.06562	0.01198	7.3618	4.3471017563405885e-08
7	rs2372025	83674323	T	C	0.065832	0.012022	7.3584	4.3812711517579225e-08
4	4:98066472_AC_A	98066472	AC	A	-0.070404	0.012858	7.3574	4.391370291972307e-08
4	rs76696223	96791673	G	A	0.074124	0.01354	7.3539	4.4269033894111705e-08
7	rs78702998	83677032	G	A	0.065938	0.01205	7.3485	4.482292822852174e-08
4	rs75502763	96791339	G	C	0.074079	0.013539	7.3472	4.495728573878606e-08
8	rs2409798	11435564	C	T	-0.043907	0.0080252	7.3463	4.5050526913543866e-08
4	rs72675008	96901313	C	T	-0.079401	0.014513	7.346	4.5081650259053566e-08
8	rs4503102	10155663	A	C	-0.047375	0.008661	7.3434	4.5352371185800526e-08
8	rs111756658	9677692	T	C	0.066061	0.01208	7.3398	4.572988603042299e-08
8	rs7464263	11434176	A	T	-0.043887	0.0080258	7.3392	4.579309322357215e-08
4	rs533145570	97975599	C	CA	-0.047784	0.0087392	7.338	4.5919820240866014e-08
4	rs10470948	98051454	T	A	-0.069062	0.012633	7.3353	4.6206176347756795e-08
15	rs35158584	43685074	T	G	-0.055049	0.010071	7.3338	4.63660565945894e-08
8	8:10746963_TC_T	10746963	TC	T	-0.043954	0.0080413	7.3337	4.6376697585133945e-08
8	rs13248108	9651273	G	C	0.046575	0.0085223	7.3314	4.6622985747138724e-08
8	rs35181953	11435049	G	A	-0.043836	0.008024	7.3266	4.7141123121447426e-08
15	rs372402882	43759258	C	CT	-0.057275	0.010488	7.3217	4.767601018374178e-08
4	rs5860456	96969290	A	ATTGT	0.045177	0.0082727	7.3214	4.7708947355382864e-08
8	rs11783418	10841858	G	A	-0.043864	0.0080352	7.3166	4.823920636143656e-08
8	rs13249447	9665074	A	C	-0.044962	0.0082365	7.3162	4.828366415892506e-08
8	rs2409799	11435927	G	C	-0.043806	0.0080257	7.3148	4.843956276657962e-08
7	rs7788378	83647970	T	G	0.059709	0.010942	7.3117	4.8786552832406424e-08
4	rs34415867	98023804	T	A	-0.070338	0.012891	7.3103	4.8944075170268014e-08
12	rs11422086	69695496	A	AC	0.048718	0.0089299	7.3084	4.915863847124528e-08
4	rs9993334	98038007	A	T	-0.069467	0.012736	7.3048	4.956783682800362e-08
4	rs1514976	96965849	T	C	0.044948	0.0082412	7.3046	4.959069993118028e-08
4	rs11097491	96962434	T	G	0.044923	0.008238	7.3023	4.9854001641383924e-08
2	rs77904070	227067213	G	C	0.063964	0.01173	7.3022	4.9865497864052856e-08
